<config xmlns:xsi="http://www.w3.org/2001/XMLSchema-instance"
        xmlns="http://www.ehcache.org/v3"
        xsi:schemaLocation="http://www.ehcache.org/v3 http://www.ehcache.org/schema/ehcache-core-3.0.xsd">

    <cache alias="countries">
        <key-type>java.lang.String</key-type>
        <value-type>com.vmware.cnt.models.Country</value-type>
        <expiry>
            <ttl unit="days">30</ttl>
        </expiry>

        <resources>
            <heap unit="entries">200</heap>
        </resources>

    </cache>

</config>